#,Date-Time (EST),Temperature   (°C),Started,Host Connected,End of File
1,02/04/2026 19:00:00,24.686,Logged,,
2,02/04/2026 19:15:00,25.266,,,
3,02/04/2026 19:30:00,24.987,,,
4,02/04/2026 19:45:00,24.815,,,
5,02/04/2026 20:00:00,25.083,,,
6,02/04/2026 20:15:00,24.719,,,
7,02/04/2026 20:30:00,25.083,,,
8,02/04/2026 20:45:00,24.708,,,
9,02/04/2026 21:00:00,25.094,,,
10,02/04/2026 21:15:00,24.719,,,
11,02/04/2026 21:30:00,25.115,,,
12,02/04/2026 21:45:00,24.847,,,
13,02/04/2026 22:00:00,24.997,,,
14,02/04/2026 22:15:00,25.062,,,
15,02/04/2026 22:30:00,24.740,,,
16,02/04/2026 22:45:00,25.201,,,
17,02/04/2026 23:00:00,24.826,,,
18,02/04/2026 23:15:00,25.062,,,
19,02/04/2026 23:30:00,25.030,,,
20,02/04/2026 23:45:00,24.933,,,
21,02/05/2026 00:00:00,25.083,,,
22,02/05/2026 00:15:00,24.761,,,
23,02/05/2026 00:30:00,25.190,,,
24,02/05/2026 00:45:00,24.804,,,
25,02/05/2026 01:00:00,25.105,,,
26,02/05/2026 01:15:00,24.858,,,
27,02/05/2026 01:30:00,25.180,,,
28,02/05/2026 01:45:00,24.912,,,
29,02/05/2026 02:00:00,24.987,,,
30,02/05/2026 02:15:00,25.244,,,
31,02/05/2026 02:30:00,24.815,,,
32,02/05/2026 02:45:00,25.148,,,
33,02/05/2026 03:00:00,24.933,,,
34,02/05/2026 03:15:00,24.997,,,
35,02/05/2026 03:30:00,24.922,,,
36,02/05/2026 03:45:00,25.040,,,
37,02/05/2026 04:00:00,25.158,,,
38,02/05/2026 04:15:00,24.858,,,
39,02/05/2026 04:30:00,25.298,,,
40,02/05/2026 04:45:00,24.869,,,
41,02/05/2026 05:00:00,25.158,,,
42,02/05/2026 05:15:00,24.912,,,
43,02/05/2026 05:30:00,25.201,,,
44,02/05/2026 05:45:00,24.826,,,
45,02/05/2026 06:00:00,25.115,,,
46,02/05/2026 06:15:00,24.997,,,
47,02/05/2026 06:30:00,25.030,,,
48,02/05/2026 06:45:00,25.148,,,
49,02/05/2026 07:00:00,24.761,,,
50,02/05/2026 07:15:00,25.148,,,
51,02/05/2026 07:30:00,24.847,,,
52,02/05/2026 07:45:00,25.201,,,
53,02/05/2026 08:00:00,24.976,,,
54,02/05/2026 08:15:00,24.997,,,
55,02/05/2026 08:30:00,25.190,,,
56,02/05/2026 08:45:00,24.761,,,
57,02/05/2026 09:00:00,25.148,,,
58,02/05/2026 09:15:00,25.083,,,
59,02/05/2026 09:30:00,24.686,,,
60,02/05/2026 09:45:00,25.030,,,
61,02/05/2026 10:00:00,24.654,,,
62,02/05/2026 10:15:00,24.976,,,
63,02/05/2026 10:30:00,24.890,,,
64,02/05/2026 10:45:00,24.558,,,
65,02/05/2026 11:00:00,25.126,,,
66,02/05/2026 11:15:00,24.815,,,
67,02/05/2026 11:30:00,24.633,,,
68,02/05/2026 11:45:00,25.223,,,
69,02/05/2026 12:00:00,24.997,,,
70,02/05/2026 12:15:00,24.633,,,
71,02/05/2026 12:30:00,24.976,,,
72,02/05/2026 12:45:00,25.019,,,
73,02/05/2026 13:00:00,24.665,,,
74,02/05/2026 13:15:00,24.815,,,
75,02/05/2026 13:30:00,25.201,,,
76,02/05/2026 13:45:00,24.858,,,
77,02/05/2026 14:00:00,24.654,,,
78,02/05/2026 14:15:00,25.319,,,
79,02/05/2026 14:30:00,25.148,,,
80,02/05/2026 14:45:00,24.944,,,
81,02/05/2026 15:00:00,24.740,,,
82,02/05/2026 15:15:00,24.826,,,
83,02/05/2026 15:30:00,24.826,,,
84,02/05/2026 15:45:00,24.708,,,
85,02/05/2026 16:00:00,25.266,,,
86,02/05/2026 16:15:00,25.073,,,
87,02/05/2026 16:30:00,24.879,,,
88,02/05/2026 16:45:00,24.654,,,
89,02/05/2026 17:00:00,25.040,,,
90,02/05/2026 17:15:00,24.837,,,
91,02/05/2026 17:30:00,24.922,,,
92,02/05/2026 17:45:00,25.201,,,
93,02/05/2026 18:00:00,24.976,,,
94,02/05/2026 18:15:00,24.772,,,
95,02/05/2026 18:30:00,25.276,,,
96,02/05/2026 18:45:00,25.137,,,
97,02/05/2026 19:00:00,24.922,,,
98,02/05/2026 19:15:00,24.751,,,
99,02/05/2026 19:30:00,25.287,,,
100,02/05/2026 19:45:00,25.083,,,
101,02/05/2026 20:00:00,24.858,,,
102,02/05/2026 20:15:00,25.040,,,
103,02/05/2026 20:30:00,25.180,,,
104,02/05/2026 20:45:00,24.955,,,
105,02/05/2026 21:00:00,24.912,,,
106,02/05/2026 21:15:00,25.148,,,
107,02/05/2026 21:30:00,24.922,,,
108,02/05/2026 21:45:00,24.912,,,
109,02/05/2026 22:00:00,25.126,,,
110,02/05/2026 22:15:00,24.890,,,
111,02/05/2026 22:30:00,25.030,,,
112,02/05/2026 22:45:00,25.169,,,
113,02/05/2026 23:00:00,24.922,,,
114,02/05/2026 23:15:00,25.030,,,
115,02/05/2026 23:30:00,25.019,,,
116,02/05/2026 23:45:00,24.837,,,
117,02/06/2026 00:00:00,25.148,,,
118,02/06/2026 00:15:00,24.944,,,
119,02/06/2026 00:30:00,24.997,,,
120,02/06/2026 00:45:00,25.062,,,
121,02/06/2026 01:00:00,24.826,,,
122,02/06/2026 01:15:00,25.030,,,
123,02/06/2026 01:30:00,24.922,,,
124,02/06/2026 01:45:00,25.062,,,
125,02/06/2026 02:00:00,24.826,,,
126,02/06/2026 02:15:00,25.308,,,
127,02/06/2026 02:30:00,25.051,,,
128,02/06/2026 02:45:00,24.944,,,
129,02/06/2026 03:00:00,25.190,,,
130,02/06/2026 03:15:00,24.922,,,
131,02/06/2026 03:30:00,25.180,,,
132,02/06/2026 03:45:00,25.094,,,
133,02/06/2026 04:00:00,24.837,,,
134,02/06/2026 04:15:00,25.212,,,
135,02/06/2026 04:30:00,24.944,,,
136,02/06/2026 04:45:00,25.105,,,
137,02/06/2026 05:00:00,25.201,,,
138,02/06/2026 05:15:00,24.912,,,
139,02/06/2026 05:30:00,25.244,,,
140,02/06/2026 05:45:00,25.062,,,
141,02/06/2026 06:00:00,24.869,,,
142,02/06/2026 06:15:00,25.083,,,
143,02/06/2026 06:30:00,24.933,,,
144,02/06/2026 06:45:00,25.158,,,
145,02/06/2026 07:00:00,24.890,,,
146,02/06/2026 07:15:00,25.201,,,
147,02/06/2026 07:30:00,25.201,,,
148,02/06/2026 07:45:00,24.922,,,
149,02/06/2026 08:00:00,25.115,,,
150,02/06/2026 08:15:00,24.955,,,
151,02/06/2026 08:30:00,24.965,,,
152,02/06/2026 08:45:00,25.105,,,
153,02/06/2026 09:00:00,24.847,,,
154,02/06/2026 09:15:00,25.201,,,
155,02/06/2026 09:30:00,24.965,,,
156,02/06/2026 09:45:00,24.740,,,
157,02/06/2026 10:00:00,25.169,,,
158,02/06/2026 10:15:00,24.922,,,
159,02/06/2026 10:30:00,24.804,,,
160,02/06/2026 10:45:00,25.051,,,
161,02/06/2026 11:00:00,24.826,,,
162,02/06/2026 11:15:00,25.040,,,
163,02/06/2026 11:30:00,24.858,,,
164,02/06/2026 11:45:00,24.890,,,
165,02/06/2026 12:00:00,25.244,,,
166,02/06/2026 12:15:00,25.030,,,
167,02/06/2026 12:30:00,24.837,,,
168,02/06/2026 12:45:00,24.644,,,
169,02/06/2026 13:00:00,25.190,,,
170,02/06/2026 13:15:00,25.201,,,
171,02/06/2026 13:30:00,24.997,,,
172,02/06/2026 13:45:00,24.804,,,
173,02/06/2026 14:00:00,24.922,,,
174,02/06/2026 14:15:00,24.890,,,
175,02/06/2026 14:30:00,24.740,,,
176,02/06/2026 14:45:00,25.040,,,
177,02/06/2026 15:00:00,24.858,,,
178,02/06/2026 15:15:00,24.729,,,
179,02/06/2026 15:30:00,25.255,,,
180,02/06/2026 15:45:00,25.062,,,
181,02/06/2026 16:00:00,24.879,,,
182,02/06/2026 16:15:00,24.686,,,
183,02/06/2026 16:30:00,25.062,,,
184,02/06/2026 16:45:00,24.869,,,
185,02/06/2026 17:00:00,24.686,,,
186,02/06/2026 17:15:00,24.869,,,
187,02/06/2026 17:30:00,24.686,,,
188,02/06/2026 17:45:00,25.105,,,
189,02/06/2026 18:00:00,24.901,,,
190,02/06/2026 18:15:00,24.708,,,
191,02/06/2026 18:30:00,25.115,,,
192,02/06/2026 18:45:00,24.901,,,
193,02/06/2026 19:00:00,24.740,,,
194,02/06/2026 19:15:00,25.073,,,
195,02/06/2026 19:30:00,24.869,,,
196,02/06/2026 19:45:00,24.837,,,
197,02/06/2026 20:00:00,24.890,,,
198,02/06/2026 20:15:00,24.761,,,
199,02/06/2026 20:30:00,25.094,,,
200,02/06/2026 20:45:00,24.879,,,
201,02/06/2026 21:00:00,24.719,,,
202,02/06/2026 21:15:00,25.298,,,
203,02/06/2026 21:30:00,25.083,,,
204,02/06/2026 21:45:00,24.869,,,
205,02/06/2026 22:00:00,24.826,,,
206,02/06/2026 22:15:00,25.169,,,
207,02/06/2026 22:30:00,24.955,,,
208,02/06/2026 22:45:00,24.740,,,
209,02/06/2026 23:00:00,24.912,,,
210,02/06/2026 23:15:00,24.804,,,
211,02/06/2026 23:30:00,25.019,,,
212,02/06/2026 23:45:00,24.794,,,
213,02/07/2026 00:00:00,25.169,,,
214,02/07/2026 00:15:00,24.987,,,
215,02/07/2026 00:30:00,24.761,,,
216,02/07/2026 00:45:00,25.190,,,
217,02/07/2026 01:00:00,24.997,,,
218,02/07/2026 01:15:00,24.783,,,
219,02/07/2026 01:30:00,25.062,,,
220,02/07/2026 01:45:00,24.869,,,
221,02/07/2026 02:00:00,24.847,,,
222,02/07/2026 02:15:00,24.976,,,
223,02/07/2026 02:30:00,24.751,,,
224,02/07/2026 02:45:00,25.115,,,
225,02/07/2026 03:00:00,24.912,,,
226,02/07/2026 03:15:00,24.858,,,
227,02/07/2026 03:30:00,25.201,,,
228,02/07/2026 03:45:00,24.976,,,
229,02/07/2026 04:00:00,24.751,,,
230,02/07/2026 04:15:00,25.287,,,
231,02/07/2026 04:30:00,25.115,,,
232,02/07/2026 04:45:00,24.890,,,
233,02/07/2026 05:00:00,24.955,,,
234,02/07/2026 05:15:00,25.201,,,
235,02/07/2026 05:30:00,24.965,,,
236,02/07/2026 05:45:00,24.847,,,
237,02/07/2026 06:00:00,24.997,,,
238,02/07/2026 06:15:00,24.783,,,
239,02/07/2026 06:30:00,25.126,,,
240,02/07/2026 06:45:00,24.912,,,
241,02/07/2026 07:00:00,24.719,,,
242,02/07/2026 07:15:00,25.030,,,
243,02/07/2026 07:30:00,24.804,,,
244,02/07/2026 07:45:00,25.373,,,
245,02/07/2026 08:00:00,25.201,,,
246,02/07/2026 08:15:00,24.955,,,
247,02/07/2026 08:30:00,24.987,,,
248,02/07/2026 08:45:00,25.180,,,
249,02/07/2026 09:00:00,24.944,,,
250,02/07/2026 09:15:00,25.137,,,
251,02/07/2026 09:30:00,25.083,,,
252,02/07/2026 09:45:00,24.858,,,
253,02/07/2026 10:00:00,25.287,,,
254,02/07/2026 10:15:00,25.051,,,
255,02/07/2026 10:30:00,24.826,,,
256,02/07/2026 10:45:00,25.233,,,
257,02/07/2026 11:00:00,24.997,,,
258,02/07/2026 11:15:00,24.922,,,
259,02/07/2026 11:30:00,25.062,,,
260,02/07/2026 11:45:00,24.826,,,
261,02/07/2026 12:00:00,25.180,,,
262,02/07/2026 12:15:00,24.955,,,
263,02/07/2026 12:30:00,25.083,,,
264,02/07/2026 12:45:00,25.169,,,
265,02/07/2026 13:00:00,24.944,,,
266,02/07/2026 13:15:00,25.030,,,
267,02/07/2026 13:30:00,25.073,,,
268,02/07/2026 13:45:00,24.837,,,
269,02/07/2026 14:00:00,25.169,,,
270,02/07/2026 14:15:00,25.008,,,
271,02/07/2026 14:30:00,24.944,,,
272,02/07/2026 14:45:00,24.997,,,
273,02/07/2026 15:00:00,24.997,,,
274,02/07/2026 15:15:00,24.944,,,
275,02/07/2026 15:30:00,25.148,,,
276,02/07/2026 15:45:00,24.933,,,
277,02/07/2026 16:00:00,25.115,,,
278,02/07/2026 16:15:00,24.912,,,
279,02/07/2026 16:30:00,25.266,,,
280,02/07/2026 16:45:00,25.073,,,
281,02/07/2026 17:00:00,24.944,,,
282,02/07/2026 17:15:00,25.062,,,
283,02/07/2026 17:30:00,24.976,,,
284,02/07/2026 17:45:00,25.115,,,
285,02/07/2026 18:00:00,24.901,,,
286,02/07/2026 18:15:00,25.223,,,
287,02/07/2026 18:30:00,24.965,,,
288,02/07/2026 18:45:00,25.169,,,
289,02/07/2026 19:00:00,25.040,,,
290,02/07/2026 19:15:00,25.073,,,
291,02/07/2026 19:30:00,25.008,,,
292,02/07/2026 19:45:00,25.158,,,
293,02/07/2026 20:00:00,25.040,,,
294,02/07/2026 20:15:00,25.030,,,
295,02/07/2026 20:30:00,25.062,,,
296,02/07/2026 20:45:00,24.987,,,
297,02/07/2026 21:00:00,25.115,,,
298,02/07/2026 21:15:00,24.976,,,
299,02/07/2026 21:30:00,25.083,,,
300,02/07/2026 21:45:00,25.030,,,
301,02/07/2026 22:00:00,25.083,,,
302,02/07/2026 22:15:00,24.912,,,
303,02/07/2026 22:30:00,25.180,,,
304,02/07/2026 22:45:00,24.890,,,
305,02/07/2026 23:00:00,25.201,,,
306,02/07/2026 23:15:00,24.912,,,
307,02/07/2026 23:30:00,25.266,,,
308,02/07/2026 23:45:00,24.976,,,
309,02/08/2026 00:00:00,25.244,,,
310,02/08/2026 00:15:00,25.073,,,
311,02/08/2026 00:30:00,24.997,,,
312,02/08/2026 00:45:00,25.244,,,
313,02/08/2026 01:00:00,24.933,,,
314,02/08/2026 01:15:00,25.319,,,
315,02/08/2026 01:30:00,25.062,,,
316,02/08/2026 01:45:00,25.051,,,
317,02/08/2026 02:00:00,24.965,,,
318,02/08/2026 02:15:00,25.244,,,
319,02/08/2026 02:30:00,25.030,,,
320,02/08/2026 02:45:00,25.105,,,
321,02/08/2026 03:00:00,25.073,,,
322,02/08/2026 03:15:00,25.137,,,
323,02/08/2026 03:30:00,25.148,,,
324,02/08/2026 03:45:00,24.879,,,
325,02/08/2026 04:00:00,25.255,,,
326,02/08/2026 04:15:00,24.955,,,
327,02/08/2026 04:30:00,25.180,,,
328,02/08/2026 04:45:00,24.965,,,
329,02/08/2026 05:00:00,25.233,,,
330,02/08/2026 05:15:00,24.997,,,
331,02/08/2026 05:30:00,25.169,,,
332,02/08/2026 05:45:00,25.137,,,
333,02/08/2026 06:00:00,24.933,,,
334,02/08/2026 06:15:00,25.137,,,
335,02/08/2026 06:30:00,24.912,,,
336,02/08/2026 06:45:00,25.169,,,
337,02/08/2026 07:00:00,24.912,,,
338,02/08/2026 07:15:00,25.190,,,
339,02/08/2026 07:30:00,24.901,,,
340,02/08/2026 07:45:00,25.298,,,
341,02/08/2026 08:00:00,24.976,,,
342,02/08/2026 08:15:00,25.126,,,
343,02/08/2026 08:30:00,25.094,,,
344,02/08/2026 08:45:00,24.955,,,
345,02/08/2026 09:00:00,24.922,,,
346,02/08/2026 09:15:00,24.987,,,
347,02/08/2026 09:30:00,25.094,,,
348,02/08/2026 09:45:00,24.804,,,
349,02/08/2026 10:00:00,25.105,,,
350,02/08/2026 10:15:00,24.858,,,
351,02/08/2026 10:30:00,25.083,,,
352,02/08/2026 10:45:00,25.083,,,
353,02/08/2026 11:00:00,24.804,,,
354,02/08/2026 11:15:00,25.180,,,
355,02/08/2026 11:30:00,25.180,,,
356,02/08/2026 11:45:00,24.901,,,
357,02/08/2026 12:00:00,24.665,,,
358,02/08/2026 12:15:00,25.051,,,
359,02/08/2026 12:30:00,24.783,,,
360,02/08/2026 12:45:00,24.944,,,
361,02/08/2026 13:00:00,25.244,,,
362,02/08/2026 13:15:00,24.976,,,
363,02/08/2026 13:30:00,24.719,,,
364,02/08/2026 13:45:00,25.169,,,
365,02/08/2026 14:00:00,25.158,,,
366,02/08/2026 14:15:00,24.901,,,
367,02/08/2026 14:30:00,24.697,,,
368,02/08/2026 14:45:00,25.062,,,
369,02/08/2026 15:00:00,24.804,,,
370,02/08/2026 15:15:00,25.062,,,
371,02/08/2026 15:30:00,25.062,,,
372,02/08/2026 15:45:00,24.783,,,
373,02/08/2026 16:00:00,25.373,,,
374,02/08/2026 16:15:00,25.137,,,
375,02/08/2026 16:30:00,24.858,,,
376,02/08/2026 16:45:00,25.212,,,
377,02/08/2026 17:00:00,24.965,,,
378,02/08/2026 17:15:00,25.062,,,
379,02/08/2026 17:30:00,25.126,,,
380,02/08/2026 17:45:00,24.847,,,
381,02/08/2026 18:00:00,25.266,,,
382,02/08/2026 18:15:00,24.997,,,
383,02/08/2026 18:30:00,24.912,,,
384,02/08/2026 18:45:00,25.201,,,
385,02/08/2026 19:00:00,24.912,,,
386,02/08/2026 19:15:00,25.148,,,
387,02/08/2026 19:30:00,25.083,,,
388,02/08/2026 19:45:00,24.879,,,
389,02/08/2026 20:00:00,25.233,,,
390,02/08/2026 20:15:00,24.933,,,
391,02/08/2026 20:30:00,25.169,,,
392,02/08/2026 20:45:00,25.083,,,
393,02/08/2026 21:00:00,24.912,,,
394,02/08/2026 21:15:00,25.169,,,
395,02/08/2026 21:30:00,24.858,,,
396,02/08/2026 21:45:00,25.255,,,
397,02/08/2026 22:00:00,25.083,,,
398,02/08/2026 22:15:00,24.933,,,
399,02/08/2026 22:30:00,25.244,,,
400,02/08/2026 22:45:00,24.922,,,
401,02/08/2026 23:00:00,25.180,,,
402,02/08/2026 23:15:00,25.137,,,
403,02/08/2026 23:30:00,24.826,,,
404,02/08/2026 23:45:00,25.298,,,
405,02/09/2026 00:00:00,24.997,,,
406,02/09/2026 00:15:00,25.148,,,
407,02/09/2026 00:30:00,25.105,,,
408,02/09/2026 00:45:00,25.030,,,
409,02/09/2026 01:00:00,24.997,,,
410,02/09/2026 01:15:00,25.201,,,
411,02/09/2026 01:30:00,25.115,,,
412,02/09/2026 01:45:00,24.901,,,
413,02/09/2026 02:00:00,25.233,,,
414,02/09/2026 02:15:00,24.912,,,
415,02/09/2026 02:30:00,25.276,,,
416,02/09/2026 02:45:00,25.008,,,
417,02/09/2026 03:00:00,25.051,,,
418,02/09/2026 03:15:00,25.008,,,
419,02/09/2026 03:30:00,25.062,,,
420,02/09/2026 03:45:00,24.965,,,
421,02/09/2026 04:00:00,25.223,,,
422,02/09/2026 04:15:00,24.976,,,
423,02/09/2026 04:30:00,25.341,,,
424,02/09/2026 04:45:00,25.040,,,
425,02/09/2026 05:00:00,25.030,,,
426,02/09/2026 05:15:00,25.115,,,
427,02/09/2026 05:30:00,25.083,,,
428,02/09/2026 05:45:00,25.137,,,
429,02/09/2026 06:00:00,24.912,,,
430,02/09/2026 06:15:00,25.212,,,
431,02/09/2026 06:30:00,24.912,,,
432,02/09/2026 06:45:00,25.201,,,
433,02/09/2026 07:00:00,24.922,,,
434,02/09/2026 07:15:00,25.201,,,
435,02/09/2026 07:30:00,24.879,,,
436,02/09/2026 07:45:00,25.244,,,
437,02/09/2026 08:00:00,24.922,,,
438,02/09/2026 08:15:00,25.169,,,
439,02/09/2026 08:30:00,24.890,,,
440,02/09/2026 08:45:00,25.148,,,
441,02/09/2026 09:00:00,24.826,,,
442,02/09/2026 09:15:00,25.148,,,
443,02/09/2026 09:30:00,25.148,,,
444,02/09/2026 09:45:00,24.847,,,
445,02/09/2026 10:00:00,25.040,,,
446,02/09/2026 10:15:00,24.912,,,
447,02/09/2026 10:30:00,24.633,,,
448,02/09/2026 10:45:00,25.148,,,
449,02/09/2026 11:00:00,24.901,,,
450,02/09/2026 11:15:00,24.644,,,
451,02/09/2026 11:30:00,25.051,,,
452,02/09/2026 11:45:00,24.804,,,
453,02/09/2026 12:00:00,24.568,,,
454,02/09/2026 12:15:00,25.083,,,
455,02/09/2026 12:30:00,24.858,,,
456,02/09/2026 12:45:00,24.622,,,
457,02/09/2026 13:00:00,24.879,,,
458,02/09/2026 13:15:00,24.633,,,
459,02/09/2026 13:30:00,24.858,,,
460,02/09/2026 13:45:00,25.126,,,
461,02/09/2026 13:58:00,,,Logged,Logged
